INSERT INTO public.country
(id, created, updated, "version", "name", code, locale, telephone_code)
VALUES('c0771aec-6bc6-425d-a98a-e925e486fa01'::uuid, '2021-04-23 00:00:00.000', '2021-04-23 00:00:00.000', 1, 'Colombia', 'CO', 'es', '+57');
INSERT INTO public.country
(id, created, updated, "version", "name", code, locale, telephone_code)
VALUES('b9d0adc0-0e8c-4d21-a38c-6eb4bc391b0a'::uuid, '2021-04-23 00:00:00.000', '2021-04-23 00:00:00.000', 1, 'México', 'MX', 'es', '+52');
INSERT INTO public.country
(id, created, updated, "version", "name", code, locale, telephone_code)
VALUES('7e0539e2-95dd-436f-9318-f360d8fa02ab'::uuid, '2021-04-23 00:00:00.000', '2021-04-23 00:00:00.000', 1, 'Perú', 'PE', 'es', '+51');
INSERT INTO public.country
(id, created, updated, "version", "name", code, locale, telephone_code)
VALUES('b7e7a241-8b46-4c46-8912-cdd820c44a89'::uuid, '2021-04-23 00:00:00.000', '2021-04-23 00:00:00.000', 1, 'Argentina', 'AR', 'es', '+54');
INSERT INTO public.country
(id, created, updated, "version", "name", code, locale, telephone_code)
VALUES('8324c485-c22d-433d-98d8-f92f2403cd96'::uuid, '2021-04-23 00:00:00.000', '2021-04-23 00:00:00.000', 1, 'Ecuador', 'EC', 'es', '+593');
INSERT INTO public.country
(id, created, updated, "version", "name", code, locale, telephone_code)
VALUES('6fb9ef6d-44c6-4ee1-8b18-1f97da51c2d8'::uuid, '2021-04-23 00:00:00.000', '2021-04-23 00:00:00.000', 1, 'Estados Unidos', 'US', 'es', '+1');
INSERT INTO public.country
(id, created, updated, "version", "name", code, locale, telephone_code)
VALUES('8ce4b68a-7e01-4ea2-b98e-40e481a78f09'::uuid, '2021-04-23 00:00:00.000', '2021-04-23 00:00:00.000', 1, 'España', 'ES', 'es', '+34');
INSERT INTO public.country
(id, created, updated, "version", "name", code, locale, telephone_code)
VALUES('c5e764d9-ba4f-4052-93e2-83d58109738e'::uuid, '2021-04-23 00:00:00.000', '2021-04-23 00:00:00.000', 1, 'Bolivia', 'BO', 'es', '+591');
INSERT INTO public.country
(id, created, updated, "version", "name", code, locale, telephone_code)
VALUES('e0a9fca2-4d35-4912-bccc-fa4192ec81e4'::uuid, '2021-04-23 00:00:00.000', '2021-04-23 00:00:00.000', 1, 'Brasil', 'BR', 'es', '+55');
INSERT INTO public.country
(id, created, updated, "version", "name", code, locale, telephone_code)
VALUES('a455be64-bb49-45cd-ad87-d1db2df1fbb6'::uuid, '2021-04-23 00:00:00.000', '2021-04-23 00:00:00.000', 1, 'Chile', 'CL', 'es', '+56');
INSERT INTO public.country
(id, created, updated, "version", "name", code, locale, telephone_code)
VALUES('c2db137d-4faa-4f86-b181-810a497736fc'::uuid, '2021-04-23 00:00:00.000', '2021-04-23 00:00:00.000', 1, 'Venezuela', 'VE', 'es', '+58');
INSERT INTO public.country
(id, created, updated, "version", "name", code, locale, telephone_code)
VALUES('e0bf3ed3-90ee-444c-a5e7-433c4c5deefb'::uuid, '2021-04-23 00:00:00.000', '2021-04-23 00:00:00.000', 1, 'Costa Rica', 'CR', 'es', '+506');
INSERT INTO public.country
(id, created, updated, "version", "name", code, locale, telephone_code)
VALUES('e784fabe-cc6b-4673-81dc-9d433dcdc31a'::uuid, '2021-04-23 00:00:00.000', '2021-04-23 00:00:00.000', 1, 'El Salvador', 'SV', 'es', '+503');
INSERT INTO public.country
(id, created, updated, "version", "name", code, locale, telephone_code)
VALUES('74a20402-2d7e-4d60-91c3-3d90f0bbd411'::uuid, '2021-04-23 00:00:00.000', '2021-04-23 00:00:00.000', 1, 'Guatemala', 'GT', 'es', '+502');
INSERT INTO public.country
(id, created, updated, "version", "name", code, locale, telephone_code)
VALUES('2c940872-fda0-4302-94df-2ffc7948601b'::uuid, '2021-04-23 00:00:00.000', '2021-04-23 00:00:00.000', 1, 'Honduras', 'HN', 'es', '+504');
INSERT INTO public.country
(id, created, updated, "version", "name", code, locale, telephone_code)
VALUES('ec79c66f-b68c-40f2-a587-fa7e1092653e'::uuid, '2021-04-23 00:00:00.000', '2021-04-23 00:00:00.000', 1, 'Nicaragua', 'NI', 'es', '+505');
INSERT INTO public.country
(id, created, updated, "version", "name", code, locale, telephone_code)
VALUES('4286534d-98bf-4b79-b125-a453e4a9aad5'::uuid, '2021-04-23 00:00:00.000', '2021-04-23 00:00:00.000', 1, 'Panamá', 'PA', 'es', '+507');
INSERT INTO public.country
(id, created, updated, "version", "name", code, locale, telephone_code)
VALUES('dbe26aab-ad01-48cb-973d-d5c20dcd42b5'::uuid, '2021-04-23 00:00:00.000', '2021-04-23 00:00:00.000', 1, 'Paraguay', 'PY', 'es', '+595');
INSERT INTO public.country
(id, created, updated, "version", "name", code, locale, telephone_code)
VALUES('7a87a585-2a2f-4748-93bf-5221dbeb7f67'::uuid, '2021-04-23 00:00:00.000', '2021-04-23 00:00:00.000', 1, 'Uruguay', 'UY', 'es', '+598');
INSERT INTO public.country
(id, created, updated, "version", "name", code, locale, telephone_code)
VALUES('5e53915e-f305-4b09-bf81-0f392ca26570'::uuid, '2021-04-23 00:00:00.000', '2021-04-23 00:00:00.000', 1, 'Canadá', 'CA', 'es', '+1');
SELECT * FROM public.country
INSERT INTO public.time_zone
(id, created, updated, "version", value, "countryId")
VALUES('fec4754e-f711-4b2e-921a-3b9dc9fc6ad9'::uuid, '2021-04-23 00:00:00.000', '2021-04-23 00:00:00.000', 1, 'America/Bogota', 'c0771aec-6bc6-425d-a98a-e925e486fa01'::uuid);
INSERT INTO public.time_zone
(id, created, updated, "version", value, "countryId")
VALUES('16b144e3-4be4-4eb6-98aa-1045d201b876'::uuid, '2021-04-23 00:00:00.000', '2021-04-23 00:00:00.000', 1, 'America/Mexico_City', 'b9d0adc0-0e8c-4d21-a38c-6eb4bc391b0a'::uuid);
INSERT INTO public.time_zone
(id, created, updated, "version", value, "countryId")
VALUES('7d550516-6216-4699-a594-b7980b0fc73a'::uuid, '2021-04-23 00:00:00.000', '2021-04-23 00:00:00.000', 1, 'America/Lima', '7e0539e2-95dd-436f-9318-f360d8fa02ab'::uuid);
INSERT INTO public.time_zone
(id, created, updated, "version", value, "countryId")
VALUES('5e6955fd-f849-4830-a617-8a871d26a9c7'::uuid, '2021-04-23 00:00:00.000', '2021-04-23 00:00:00.000', 1, 'America/Buenos_Aires', 'b7e7a241-8b46-4c46-8912-cdd820c44a89'::uuid);
INSERT INTO public.time_zone
(id, created, updated, "version", value, "countryId")
VALUES('e49d115b-f5ff-448b-b486-fea10063e8dc'::uuid, '2021-04-23 00:00:00.000', '2021-04-23 00:00:00.000', 1, 'America/Guayaquil', '8324c485-c22d-433d-98d8-f92f2403cd96'::uuid);
INSERT INTO public.time_zone
(id, created, updated, "version", value, "countryId")
VALUES('0de1cc6f-3b14-4519-9338-773b080e3135'::uuid, '2021-04-23 00:00:00.000', '2021-04-23 00:00:00.000', 1, 'America/New_York', '6fb9ef6d-44c6-4ee1-8b18-1f97da51c2d8'::uuid);
INSERT INTO public.time_zone
(id, created, updated, "version", value, "countryId")
VALUES('08dd05bf-0faf-4561-b4c9-ae4f886cdf84'::uuid, '2021-04-23 00:00:00.000', '2021-04-23 00:00:00.000', 1, 'Europe/Madrid', '8ce4b68a-7e01-4ea2-b98e-40e481a78f09'::uuid);
INSERT INTO public.time_zone
(id, created, updated, "version", value, "countryId")
VALUES('2a865dfe-9456-4d58-9eda-1d5145296211'::uuid, '2021-04-23 00:00:00.000', '2021-04-23 00:00:00.000', 1, 'America/Toronto', '5e53915e-f305-4b09-bf81-0f392ca26570'::uuid);
INSERT INTO public.time_zone
(id, created, updated, "version", value, "countryId")
VALUES('dd8fcf90-5afc-4a10-aded-e57fc6dc6c68'::uuid, '2021-04-23 00:00:00.000', '2021-04-23 00:00:00.000', 1, 'America/La_Paz', 'c5e764d9-ba4f-4052-93e2-83d58109738e'::uuid);
INSERT INTO public.time_zone
(id, created, updated, "version", value, "countryId")
VALUES('d3ee4f51-5555-4e1f-95b0-80776b7ad314'::uuid, '2021-04-23 00:00:00.000', '2021-04-23 00:00:00.000', 1, 'America/Sao_Paulo', 'e0a9fca2-4d35-4912-bccc-fa4192ec81e4'::uuid);
INSERT INTO public.time_zone
(id, created, updated, "version", value, "countryId")
VALUES('7a75ed3c-2e5c-4e7f-aecd-d18c390097e0'::uuid, '2021-04-23 00:00:00.000', '2021-04-23 00:00:00.000', 1, 'America/Santiago', 'a455be64-bb49-45cd-ad87-d1db2df1fbb6'::uuid);
INSERT INTO public.time_zone
(id, created, updated, "version", value, "countryId")
VALUES('8eb8de71-9c3a-4a8f-9185-ad921306ff6a'::uuid, '2021-04-23 00:00:00.000', '2021-04-23 00:00:00.000', 1, 'America/Caracas', 'c2db137d-4faa-4f86-b181-810a497736fc'::uuid);
INSERT INTO public.time_zone
(id, created, updated, "version", value, "countryId")
VALUES('af892391-df95-4e0c-ad69-471b8e8e6fb0'::uuid, '2021-04-23 00:00:00.000', '2021-04-23 00:00:00.000', 1, 'America/Costa_Rica', 'e0bf3ed3-90ee-444c-a5e7-433c4c5deefb'::uuid);
INSERT INTO public.time_zone
(id, created, updated, "version", value, "countryId")
VALUES('2d311348-79b5-4956-8f1e-5f806a0eb28d'::uuid, '2021-04-23 00:00:00.000', '2021-04-23 00:00:00.000', 1, 'America/El_Salvador', 'e784fabe-cc6b-4673-81dc-9d433dcdc31a'::uuid);
INSERT INTO public.time_zone
(id, created, updated, "version", value, "countryId")
VALUES('458056f4-76b3-4cb0-853b-7b8d8657a698'::uuid, '2021-04-23 00:00:00.000', '2021-04-23 00:00:00.000', 1, 'America/Guatemala', '74a20402-2d7e-4d60-91c3-3d90f0bbd411'::uuid);
INSERT INTO public.time_zone
(id, created, updated, "version", value, "countryId")
VALUES('dcdaa210-c6fb-45e0-acc0-d321ce1c3b18'::uuid, '2021-04-23 00:00:00.000', '2021-04-23 00:00:00.000', 1, 'America/Tegucigalpa', '2c940872-fda0-4302-94df-2ffc7948601b'::uuid);
INSERT INTO public.time_zone
(id, created, updated, "version", value, "countryId")
VALUES('fe62bb0e-b6a4-45f0-95b7-c63ab0335803'::uuid, '2021-04-23 00:00:00.000', '2021-04-23 00:00:00.000', 1, 'America/Managua', 'ec79c66f-b68c-40f2-a587-fa7e1092653e'::uuid);
INSERT INTO public.time_zone
(id, created, updated, "version", value, "countryId")
VALUES('7a8b074c-ec0b-449e-9e95-2279b28ca9ee'::uuid, '2021-04-23 00:00:00.000', '2021-04-23 00:00:00.000', 1, 'America/Panama', '4286534d-98bf-4b79-b125-a453e4a9aad5'::uuid);
INSERT INTO public.time_zone
(id, created, updated, "version", value, "countryId")
VALUES('d9c30acd-a28d-4b30-a06e-20ea6e140fc7'::uuid, '2021-04-23 00:00:00.000', '2021-04-23 00:00:00.000', 1, 'America/Asuncion', 'dbe26aab-ad01-48cb-973d-d5c20dcd42b5'::uuid);
INSERT INTO public.time_zone
(id, created, updated, "version", value, "countryId")
VALUES('be7a1b7a-8a7d-4252-a17a-2a0c5e042efc'::uuid, '2021-04-23 00:00:00.000', '2021-04-23 00:00:00.000', 1, 'America/Montevideo', '7a87a585-2a2f-4748-93bf-5221dbeb7f67'::uuid);
INSERT INTO public.time_zone
(id, created, updated, "version", value, "countryId")
VALUES('5468008f-05aa-47af-ada7-59635d5673c0'::uuid, '2021-04-23 00:00:00.000', '2021-04-23 00:00:00.000', 1, 'America/Mazatlan', 'b9d0adc0-0e8c-4d21-a38c-6eb4bc391b0a'::uuid);
INSERT INTO public.time_zone
(id, created, updated, "version", value, "countryId")
VALUES('5e5bf159-62c2-468e-9525-a39ea2c4c03e'::uuid, '2021-04-23 00:00:00.000', '2021-04-23 00:00:00.000', 1, 'Pacific/Galapagos', '8324c485-c22d-433d-98d8-f92f2403cd96'::uuid);
INSERT INTO public.time_zone
(id, created, updated, "version", value, "countryId")
VALUES('07ff0395-c450-4a26-9763-cc2c452e24f0'::uuid, '2021-04-23 00:00:00.000', '2021-04-23 00:00:00.000', 1, 'America/Chicago', '6fb9ef6d-44c6-4ee1-8b18-1f97da51c2d8'::uuid);
INSERT INTO public.time_zone
(id, created, updated, "version", value, "countryId")
VALUES('4ee06c65-a716-456e-b945-b4b43f5474a8'::uuid, '2021-04-23 00:00:00.000', '2021-04-23 00:00:00.000', 1, 'America/Denver', '6fb9ef6d-44c6-4ee1-8b18-1f97da51c2d8'::uuid);
INSERT INTO public.time_zone
(id, created, updated, "version", value, "countryId")
VALUES('60b97e35-2401-4204-ac18-1a20ef3a10d7'::uuid, '2021-04-23 00:00:00.000', '2021-04-23 00:00:00.000', 1, 'America/Phoenix', '6fb9ef6d-44c6-4ee1-8b18-1f97da51c2d8'::uuid);
INSERT INTO public.time_zone
(id, created, updated, "version", value, "countryId")
VALUES('160d931b-733e-480f-b633-9e96fa9ea191'::uuid, '2021-04-23 00:00:00.000', '2021-04-23 00:00:00.000', 1, 'America/Los_Angeles', '6fb9ef6d-44c6-4ee1-8b18-1f97da51c2d8'::uuid);
INSERT INTO public.time_zone
(id, created, updated, "version", value, "countryId")
VALUES('43ce5639-ab78-4a32-8980-7124825a6a8a'::uuid, '2021-04-23 00:00:00.000', '2021-04-23 00:00:00.000', 1, 'America/Anchorage', '6fb9ef6d-44c6-4ee1-8b18-1f97da51c2d8'::uuid);
INSERT INTO public.time_zone
(id, created, updated, "version", value, "countryId")
VALUES('2f8b1d13-d485-4354-9bc6-5a8956415c19'::uuid, '2021-04-23 00:00:00.000', '2021-04-23 00:00:00.000', 1, 'Pacific/Honolulu', '6fb9ef6d-44c6-4ee1-8b18-1f97da51c2d8'::uuid);
INSERT INTO public.time_zone
(id, created, updated, "version", value, "countryId")
VALUES('b2bf573f-c6dd-445a-9a2b-d9b8ff8c2840'::uuid, '2021-04-23 00:00:00.000', '2021-04-23 00:00:00.000', 1, 'America/Belem', 'e0a9fca2-4d35-4912-bccc-fa4192ec81e4'::uuid);
INSERT INTO public.time_zone
(id, created, updated, "version", value, "countryId")
VALUES('b999093a-340b-418b-909b-acb4bbfccff3'::uuid, '2021-04-23 00:00:00.000', '2021-04-23 00:00:00.000', 1, 'America/Noronha', 'e0a9fca2-4d35-4912-bccc-fa4192ec81e4'::uuid);
INSERT INTO public.time_zone
(id, created, updated, "version", value, "countryId")
VALUES('1714c487-0ee9-48e6-8e91-09ea6171d8bc'::uuid, '2021-04-23 00:00:00.000', '2021-04-23 00:00:00.000', 1, 'America/Manaus', 'e0a9fca2-4d35-4912-bccc-fa4192ec81e4'::uuid);
INSERT INTO public.time_zone
(id, created, updated, "version", value, "countryId")
VALUES('78adc63f-fecb-49f7-8cbc-3ffb92f5b38b'::uuid, '2021-04-23 00:00:00.000', '2021-04-23 00:00:00.000', 1, 'America/Rio_Branco', 'e0a9fca2-4d35-4912-bccc-fa4192ec81e4'::uuid);
INSERT INTO public.time_zone
(id, created, updated, "version", value, "countryId")
VALUES('b44c756f-b6f6-46d5-9501-15a4f2adbbbd'::uuid, '2021-04-23 00:00:00.000', '2021-04-23 00:00:00.000', 1, 'Pacific/Easter', 'a455be64-bb49-45cd-ad87-d1db2df1fbb6'::uuid);
INSERT INTO public.time_zone
(id, created, updated, "version", value, "countryId")
VALUES('baf7b0ca-6552-43ad-8ed0-77f2e78f44ee'::uuid, '2021-04-23 00:00:00.000', '2021-04-23 00:00:00.000', 1, 'America/St_Johns', '5e53915e-f305-4b09-bf81-0f392ca26570'::uuid);
INSERT INTO public.time_zone
(id, created, updated, "version", value, "countryId")
VALUES('afd64b3c-b18a-4af1-a113-cd979ecdb878'::uuid, '2021-04-23 00:00:00.000', '2021-04-23 00:00:00.000', 1, 'America/Halifax', '5e53915e-f305-4b09-bf81-0f392ca26570'::uuid);
INSERT INTO public.time_zone
(id, created, updated, "version", value, "countryId")
VALUES('647a24d9-29bb-4916-9a35-0392dca381d4'::uuid, '2021-04-23 00:00:00.000', '2021-04-23 00:00:00.000', 1, 'America/Winnipeg', '5e53915e-f305-4b09-bf81-0f392ca26570'::uuid);
INSERT INTO public.time_zone
(id, created, updated, "version", value, "countryId")
VALUES('3d3eb6a4-0aa2-4d8f-a76e-1f57b60de0fa'::uuid, '2021-04-23 00:00:00.000', '2021-04-23 00:00:00.000', 1, 'America/Regina', '5e53915e-f305-4b09-bf81-0f392ca26570'::uuid);
INSERT INTO public.time_zone
(id, created, updated, "version", value, "countryId")
VALUES('88a668d6-c28b-42dc-87d4-46d0c99ef64b'::uuid, '2021-04-23 00:00:00.000', '2021-04-23 00:00:00.000', 1, 'America/Edmonton', '5e53915e-f305-4b09-bf81-0f392ca26570'::uuid);
INSERT INTO public.time_zone
(id, created, updated, "version", value, "countryId")
VALUES('bcb0679b-0c45-4c45-9a76-baa9cd0d20f2'::uuid, '2021-04-23 00:00:00.000', '2021-04-23 00:00:00.000', 1, 'America/Vancouver', '5e53915e-f305-4b09-bf81-0f392ca26570'::uuid);
INSERT INTO public.time_zone
(id, created, updated, "version", value, "countryId")
VALUES('791e5e0e-17c5-4e06-8716-4209e61aab4f'::uuid, '2021-04-23 00:00:00.000', '2021-04-23 00:00:00.000', 1, 'America/Tijuana', 'b9d0adc0-0e8c-4d21-a38c-6eb4bc391b0a'::uuid);
INSERT INTO public.membership
(id, created, updated, "version", name, money, months, interest, is_active)
VALUES('b3b65c80-a8c3-46ea-92db-9374ec3a23e6'::uuid, '2021-04-23 00:00:00.000', '2021-04-23 00:00:00.000', 1, 'Bronze', 5000.0, 12, 0.04, true);
INSERT INTO public.membership
(id, created, updated, "version", name, money, months, interest, is_active)
VALUES('205710a1-69b8-45f7-9bae-c989cf7568c0'::uuid, '2021-04-23 00:00:00.000', '2021-04-23 00:00:00.000', 1, 'Silver', 10000.0, 12, 0.05, true);
INSERT INTO public.membership
(id, created, updated, "version", name, money, months, interest, is_active)
VALUES('98e95421-1c5d-4c8a-b763-ac7770e2ebc1'::uuid, '2021-04-23 00:00:00.000', '2021-04-23 00:00:00.000', 1, 'Gold', 25000.0, 12, 0.07, true);
INSERT INTO public.membership
(id, created, updated, "version", name, money, months, interest, is_active)
VALUES('c8e8eea0-f646-4f69-91cb-90970364fdd6'::uuid, '2021-04-23 00:00:00.000', '2021-04-23 00:00:00.000', 1, 'Platinum', 50000.0, 10, 0.08, true);
INSERT INTO public.membership
(id, created, updated, "version", name, money, months, interest, is_active)
VALUES('c4313e2f-0c3e-469b-8545-099b146c9468'::uuid, '2021-04-23 00:00:00.000', '2021-04-23 00:00:00.000', 1, 'Platinum +', 100000.0, 10, 0.1, true);
INSERT INTO public."user"
(id, created, updated, "version", email, telephone, "password", change_password, firstname, lastname, "role", status, "lastLogin", "lastQuery", "lastChangePassword", id_time_zone, "countryId", state, address, paypal_account, stripe_account, coinpayments_account, "ref")
VALUES('8f84f3e6-fd37-46e1-ba8c-a6b5a05007f6'::uuid, '2021-04-23 00:00:00.000', '2021-04-23 00:00:00.000', 1, 'admin@digitaltrustonline.net', '+506 8678 8181', '$2a$10$NZcCff9myGOuZdnGVY2Na.GzA7C.B1eimb9NNze73RlwPrB8iAcFa', false, 'Admin', 'DigitalTrust', 'admin'::user_role_enum::user_role_enum, 'pending'::user_status_enum::user_status_enum, '2021-04-29 00:23:56.020', '2021-04-29 00:23:56.395', '2021-04-29 00:23:56.010', 'af892391-df95-4e0c-ad69-471b8e8e6fb0', 'e0bf3ed3-90ee-444c-a5e7-433c4c5deefb'::uuid, 'San José', 'Rohmoser, frente condominio el Estoril, zip code 10109', 'admin@digitaltrustonline.net', 'admin@digitaltrustonline.net', 'admin@digitaltrustonline.net', '');
